Computer Name,IPv4,MAC Address,Collage,Lab
LAB-BH-01,10.200.25.121,5C-F9-DD-E9-86-09  ,General,Buchanan 234A
LAB-BH-02,10.200.24.205,5C-F9-DD-E9-7F-E0  ,General,Buchanan 234A
LAB-BH-03,10.200.24.196,5C-F9-DD-E9-8C-37  ,General,Buchanan 234A
LAB-BH-04,10.200.24.220,5C-F9-DD-E9-7F-E5  ,General,Buchanan 234A
LAB-BH-05,10.200.25.122,5C-F9-DD-E9-80-02  ,General,Buchanan 234A
LAB-BH-06,10.200.25.120,5C-F9-DD-E9-8C-37,General,Buchanan 234A
LAB-BH-07,10.200.24.185,5C-F9-DD-E9-7A-4F  ,General,Buchanan 234A
LAB-BH-08,10.200.24.199,5C-F9-DD-E9-94-FA  ,General,Buchanan 234A
LAB-BH-09,10.200.25.5,5C-F9-DD-E9-7B-E2  ,General,Buchanan 234A
LAB-BH-10,10.200.24.235,5C-F9-DD-E9-7C-17  ,General,Buchanan 234A
LAB-BH-11,10.200.25.112,5C-F9-DD-E9-7B-6C  ,General,Buchanan 234A
LAB-BH-12,10.200.24.245,5C-F9-DD-E9-73-BF  ,General,Buchanan 234A
LAB-BH-13,10.200.24.222,5C-F9-DD-E9-7B-BF  ,General,Buchanan 234A
LAB-BH-14,10.200.24.213,5C-F9-DD-E9-8C-B8  ,General,Buchanan 234A
LAB-BH-15,10.200.25.115,5C-F9-DD-E9-7F-68  ,General,Buchanan 234A
LAB-BH-16,10.200.24.203,5C-F9-DD-E9-94-E9  ,General,Buchanan 234A
LAB-CEC204-01,10.194.227.211,18-66-DA-23-61-BF,COE,CEC 204
LAB-CEC204-02,10.194.227.206,18-66-DA-23-62-2A,COE,CEC 204
LAB-CEC204-03,10.194.227.204,18-66-DA-23-61-DA,COE,CEC 204
LAB-CEC204-04,10.194.227.203,18-66-DA-23-44-21,COE,CEC 204
LAB-CEC204-05,10.194.227.210,18-66-DA-23-59-10,COE,CEC 204
LAB-CEC204-06,10.194.227.209,18-66-DA-23-61-F4,COE,CEC 204
LAB-CEC204-07,10.194.227.208,18-66-DA-23-59-75,COE,CEC 204
LAB-CEC204-08,129.15.115.160,18-66-DA-23-5D-C6,COE,CEC 204
LAB-CEC204-TCH,,90-B1-1C-60-5B-5A,COE,CEC 204
LAB-CEC205-01,10.194.5.126,18-66-DA-23-B2-FB,COE,CEC 205
LAB-CEC205-02,10.194.5.42,18-66-DA-23-A6-87  ,COE,CEC 205
LAB-CEC205-03,10.194.5.156,18-66-DA-23-6A-13  ,COE,CEC 205
LAB-CEC205-04,10.194.5.41,18-66-DA-23-AB-BF  ,COE,CEC 205
LAB-CEC205-05,10.194.5.4,18-66-DA-23-A0-CF  ,COE,CEC 205
LAB-CEC205-06,10.194.227.185,18-66-DA-23-71-7F  ,COE,CEC 205
LAB-CEC205-07,10.194.5.38,18-66-DA-23-B5-6E  ,COE,CEC 205
LAB-CEC205-08,10.194.5.35,18-66-DA-23-9B-41  ,COE,CEC 205
LAB-CEC205-09,10.194.5.136,18-66-DA-23-AB-D0  ,COE,CEC 205
LAB-CEC205-10,10.194.5.135,18-66-DA-23-71-E4  ,COE,CEC 205
LAB-CEC205-11,10.194.5.33,18-66-DA-23-69-6B  ,COE,CEC 205
LAB-CEC205-12,10.194.5.32,18-66-DA-23-A6-B5  ,COE,CEC 205
LAB-CEC205-13,10.194.5.31,18-66-DA-23-B5-7F  ,COE,CEC 205
LAB-CEC205-14,10.194.5.29,18-66-DA-23-6E-7B  ,COE,CEC 205
LAB-CEC205-15,10.194.5.27,18-66-DA-23-73-B2  ,COE,CEC 205
LAB-CEC205-16,10.194.5.25,18-66-DA-23-6E-FD  ,COE,CEC 205
LAB-CEC205-17,10.194.4.45,18-66-DA-23-73-0B  ,COE,CEC 205
LAB-CEC205-18,10.194.4.52,18-66-DA-23-72-ED  ,COE,CEC 205
LAB-CEC205-19,10.194.5.19,18-66-DA-23-84-17  ,COE,CEC 205
LAB-CEC205-20,10.194.5.163,18-66-DA-23-A6-C8  ,COE,CEC 205
LAB-CEC205-21,10.194.5.15,18-66-DA-23-72-C5  ,COE,CEC 205
LAB-CEC205-22,10.194.5.13,18-66-DA-23-69-A7  ,COE,CEC 205
LAB-CEC205-23,10.194.5.10,18-66-DA-23-74-AF  ,COE,CEC 205
LAB-CEC205-24,10.194.5.9,18-66-DA-23-6F-47  ,COE,CEC 205
LAB-CEC205-25,10.194.5.17,18-66-DA-23-82-75  ,COE,CEC 205
LAB-CEC205-26,10.194.4.9,48-4D-7E-D7-2D-FF  ,COE,CEC 205
LAB-CEC205-27,10.194.4.247,18-66-DA-23-73-4A  ,COE,CEC 205
LAB-CEC205-TCH,10.194.5.3,18-66-DA-23-74-70  ,COE,CEC 205
LAB-CEC206-01,10.194.4.91,18-66-DA-23-70-B2  ,COE,CEC 206
LAB-CEC206-02,10.194.5.124,18-66-DA-23-B2-D1  ,COE,CEC 206
LAB-CEC206-03,10.194.5.192,18-66-DA-23-B3-62  ,COE,CEC 206
LAB-CEC206-04,10.194.5.162,18-66-DA-23-72-DE  ,COE,CEC 206
LAB-CEC206-05,10.194.5.82,18-66-DA-23-6F-1F  ,COE,CEC 206
LAB-CEC206-06,10.194.5.171,18-66-DA-23-73-A6  ,COE,CEC 206
LAB-CEC206-07,10.194.5.80,18-66-DA-23-A7-AD  ,COE,CEC 206
LAB-CEC206-08,10.194.5.79,18-66-DA-23-B3-5E  ,COE,CEC 206
LAB-CEC206-09,10.194.5.76,18-66-DA-23-B2-F1  ,COE,CEC 206
LAB-CEC206-10,10.194.4.51,18-66-DA-23-AC-A0  ,COE,CEC 206
LAB-CEC206-11,10.194.5.73,18-66-DA-23-B5-3A  ,COE,CEC 206
LAB-CEC206-12,10.194.4.74,18-66-DA-23-A2-92  ,COE,CEC 206
LAB-CEC206-13,10.194.4.73,18-66-DA-23-AB-04  ,COE,CEC 206
LAB-CEC206-14,10.194.5.67,18-66-DA-23-74-6F  ,COE,CEC 206
LAB-CEC206-15,10.194.5.65,18-66-DA-23-69-41  ,COE,CEC 206
LAB-CEC206-16,10.194.5.63,18-66-DA-23-6F-D8  ,COE,CEC 206
LAB-CEC206-17,10.194.5.62,18-66-DA-23-6A-1F  ,COE,CEC 206
LAB-CEC206-18,10.194.5.60,18-66-DA-23-6D-6C  ,COE,CEC 206
LAB-CEC206-19,10.194.5.57,18-66-DA-23-6F-2D  ,COE,CEC 206
LAB-CEC206-20,10.194.5.55,18-66-DA-23-B5-57  ,COE,CEC 206
LAB-CEC206-21,10.194.5.51,18-66-DA-23-6F-39  ,COE,CEC 206
LAB-CEC206-22,10.194.5.50,18-66-DA-23-A0-CC  ,COE,CEC 206
LAB-CEC206-23,10.194.5.48,18-66-DA-23-71-B4  ,COE,CEC 206
LAB-CEC206-24,10.194.5.47,18-66-DA-23-AC-90  ,COE,CEC 206
LAB-CEC206-25,10.194.5.45,18-66-DA-23-A4-2D  ,COE,CEC 206
LAB-CEC206-26,10.194.5.137,18-66-DA-23-B5-80  ,COE,CEC 206
LAB-CEC206-27,10.194.5.144,18-66-DA-23-74-8B  ,COE,CEC 206
LAB-CEC206-TCH,10.194.5.119,18-66-DA-23-B2-E2  ,COE,CEC 206
LAB-CEC217-01,129.15.115.136,64-00-6A-58-84-F3  ,COE,CEC 217
LAB-CEC217-02,10.194.227.214,64-00-6A-58-80-28  ,COE,CEC 217
LAB-CEC217-03,10.194.227.216,64-00-6A-58-1D-C3  ,COE,CEC 217
LAB-CEC217-04,10.194.227.218,64-00-6A-57-F1-75  ,COE,CEC 217
LAB-CECS18-01,10.194.4.239,18-66-DA-23-AC-88  ,COE,CEC S18
LAB-CECS18-02,10.194.5.92,18-66-DA-23-63-47  ,COE,CEC S18
LAB-CECS18-03,10.194.4.240,18-66-DA-23-6F-2B  ,COE,CEC S18
LAB-CECS18-04,10.194.4.238,18-66-DA-23-B5-4D  ,COE,CEC S18
LAB-CECS18-05,10.194.4.234,18-66-DA-23-6A-F4,COE,CEC S18
LAB-CECS18-06,10.194.4.235,18-66-DA-23-AC-B5  ,COE,CEC S18
LAB-CECS18-07,10.194.4.233,18-66-DA-23-B5-EA  ,COE,CEC S18
LAB-CECS18-08,10.194.4.229,18-66-DA-23-6F-16  ,COE,CEC S18
LAB-CECS18-09,10.194.4.228,18-66-DA-23-73-3C  ,COE,CEC S18
LAB-CECS18-10,10.194.4.226,18-66-DA-23-74-52  ,COE,CEC S18
LAB-CECS18-11,10.194.4.222,18-66-DA-23-69-BF  ,COE,CEC S18
LAB-CECS18-12,10.194.4.219,18-66-DA-23-74-56  ,COE,CEC S18
LAB-CECS18-13,10.194.4.221,18-66-DA-23-6D-A1  ,COE,CEC S18
LAB-CECS18-14,10.194.5.157,18-66-DA-23-70-75  ,COE,CEC S18
LAB-CECS18-15,10.194.4.220,18-66-DA-23-6E-E5  ,COE,CEC S18
LAB-CECS18-16,10.194.4.218,18-66-DA-23-B5-A0  ,COE,CEC S18
LAB-CECS18-17,10.194.4.217,18-66-DA-23-70-9D  ,COE,CEC S18
LAB-CECS18-18,129.15.115.71,18-66-DA-23-6F-3C  ,COE,CEC S18
LAB-CECS18-19,10.194.5.98,18-66-DA-23-B3-5B  ,COE,CEC S18
LAB-CECS18-20,10.194.4.212,18-66-DA-23-72-A5  ,COE,CEC S18
LAB-CECS20-01,10.194.227.240,64-00-6A-54-BA-9C  ,COE,CEC S20
LAB-CECS20-02,129.15.118.135,64-00-6A-54-81-1B  ,COE,CEC S20
LAB-CECS20-03,10.194.227.249,64-00-6A-54-81-97  ,COE,CEC S20
LAB-CECS20-04,129.15.118.121,64-00-6A-54-A4-CF  ,COE,CEC S20
LAB-CECS20-05,10.194.227.248,64-00-6A-54-82-08  ,COE,CEC S20
LAB-CECS20-06,10.194.227.247,64-00-6A-54-81-FB  ,COE,CEC S20
LAB-CECS20-07,129.15.118.119,64-00-6A-54-A0-C3  ,COE,CEC S20
LAB-CECS20-08,129.15.117.191,64-00-6A-54-88-8E  ,COE,CEC S20
LAB-CECS20-09,10.194.227.245,64-00-6A-54-A0-BC  ,COE,CEC S20
LAB-CECS20-10,129.15.117.158,64-00-6A-54-A4-6F  ,COE,CEC S20
LAB-CECS20-11,10.194.227.243,64-00-6A-54-A4-A9  ,COE,CEC S20
LAB-COUCH-01,10.193.197.116,18-66-DA-36-91-51  ,General,Couch Practice Center
LAB-COUCH-02,10.193.197.144,18-66-DA-26-77-8C  ,General,Couch Practice Center
LAB-COUCH-03,10.193.197.145,18-66-DA-26-78-25  ,General,Couch Practice Center
LAB-COUCH-04,10.193.197.151,18-66-DA-26-77-60  ,General,Couch Practice Center
LAB-COUCH-05,10.193.197.147,18-66-DA-26-76-A2  ,General,Couch Practice Center
LAB-COUCH-06,10.193.197.152,18-66-DA-26-71-80  ,General,Couch Practice Center
LAB-DEH115-01,10.194.254.98,18-66-DA-23-B3-6C  ,COE,DEH 115
LAB-DEH115-02,10.194.254.95,18-66-DA-1C-D3-7E  ,COE,DEH 115
LAB-DEH115-03,10.194.254.97,18-66-DA-23-B1-CF  ,COE,DEH 115
LAB-DEH115-04,10.194.254.94,18-66-DA-23-73-77  ,COE,DEH 115
LAB-DEH115-05,10.194.254.93,18-66-DA-23-73-4C  ,COE,DEH 115
LAB-DEH115-06,10.194.254.91,18-66-DA-23-73-4B  ,COE,DEH 115
LAB-DEH115-07,10.194.254.89,18-66-DA-23-6E-7D  ,COE,DEH 115
LAB-DEH115-08,10.194.254.87,18-66-DA-23-74-73  ,COE,DEH 115
LAB-DEH125-01,10.194.4.175,18-66-DA-23-61-57  ,COE,DEH 125
LAB-DEH125-02,10.194.4.177,18-66-DA-23-62-F2  ,COE,DEH 125
LAB-DEH125-03,10.194.4.99,18-66-DA-23-61-1B  ,COE,DEH 125
LAB-DEH125-04,10.194.4.164,18-66-DA-23-62-77  ,COE,DEH 125
LAB-DEH125-05,10.194.4.158,18-66-DA-23-48-75  ,COE,DEH 125
LAB-DEH125-06,10.194.4.171,18-66-DA-23-45-EC  ,COE,DEH 125
LAB-DEH125-07,10.194.4.179,18-66-DA-23-61-AD  ,COE,DEH 125
LAB-DEH125-08,10.194.4.159,18-66-DA-23-5F-72  ,COE,DEH 125
LAB-DEH125-09,10.194.4.167,18-66-DA-23-5F-26  ,COE,DEH 125
LAB-DEH125-10,10.194.4.127,18-66-DA-23-57-83  ,COE,DEH 125
LAB-DEH125-11,10.194.4.156,18-66-DA-23-61-34  ,COE,DEH 125
LAB-DEH125-12,10.194.4.163,18-66-DA-23-48-D2  ,COE,DEH 125
LAB-DEH125-13,10.194.4.168,18-66-DA-23-57-1A  ,COE,DEH 125
LAB-DEH125-14,10.194.4.206,18-66-DA-23-5D-E7  ,COE,DEH 125
LAB-DEH125-15,10.194.4.178,18-66-DA-23-61-DC  ,COE,DEH 125
LAB-DEH125-16,10.194.4.165,18-66-DA-23-5D-DC  ,COE,DEH 125
LAB-DEH125-17,10.194.4.153,18-66-DA-23-5C-74  ,COE,DEH 125
LAB-DEH125-18,10.194.4.162,18-66-DA-23-5E-37  ,COE,DEH 125
LAB-DEH125-19,10.194.4.186,18-66-DA-23-5E-DF  ,COE,DEH 125
LAB-DEH125-20,10.194.4.196,18-66-DA-23-57-12  ,COE,DEH 125
LAB-DEH125-21,10.194.4.173,18-66-DA-23-3E-EB  ,COE,DEH 125
LAB-DEH125-22,10.194.254.86,18-66-DA-23-63-DB  ,COE,DEH 125
LAB-DEH125-23,10.194.4.149,18-66-DA-23-61-ED  ,COE,DEH 125
LAB-DEH125-24,10.194.4.157,18-66-DA-23-5E-A6  ,COE,DEH 125
LAB-DUN-01,10.193.103.36,9E-30-5B-CB-55-8D  ,General,Dunham Residential College
LAB-DUN-02,10.193.103.37,9E-30-5B-CB-BF-23  ,General,Dunham Residential College
LS-ADMIN-01,192.168.87.1,00-50-56-C0-00-01  ,EL,EL 241
LS-ADMIN-02,192.168.145.1,00-50-56-C0-00-08  ,EL,EL 241
LS-ADMIN-03,192.168.118.1,00-50-56-C0-00-01  ,EL,EL 241
LS-DST-01,10.194.196.17,18-66-DA-23-A4-55  ,EL,EL 241
LS-DST-02,10.194.196.35,18-66-DA-23-A4-55  ,EL,EL 241
LS-DST-03,10.194.196.36,F8-B1-56-CA-13-C9,EL,EL 241
LS-DST-04,10.194.196.50,F8-B1-56-C9-DC-AF,EL,EL 241
LS-OA-01,10.194.196.45,10-66-DA-23-9F-71,EL,EL 241
LS-OA-02,10.194.196.28,10-66-DA-23-B0-97,EL,EL 241
LS-SHIFT-01,10.194.196.54,18-66-DA-23-B0-FC,EL,EL 241
LAB-FH101-01,10.194.4.90,64-00-6A-54-C8-E8  ,COE,FH 101
LAB-FH101-02,10.194.5.229,64-00-6A-54-CB-D9  ,COE,FH 101
LAB-FH101-03,10.194.4.188,64-00-6A-54-59-38  ,COE,FH 101
LAB-FH101-04,10.194.4.193,64-00-6A-54-59-9D  ,COE,FH 101
LAB-FH101-05,10.194.4.190,64-00-6A-54-C4-B7  ,COE,FH 101
LAB-FH101-06,10.194.4.195,64-00-6A-54-CA-B4  ,COE,FH 101
LAB-FH101-07,10.194.4.199,64-00-6A-54-C6-AA  ,COE,FH 101
LAB-FH101-08,10.194.4.191,64-00-6A-54-C4-BE  ,COE,FH 101
LAB-FH101-09,10.194.4.192,64-00-6A-54-59-E9  ,COE,FH 101
LAB-FH101-10,10.194.4.189,64-00-6A-54-CD-D9  ,COE,FH 101
LAB-FH143-01,129.15.117.142,64-00-6A-54-A0-5B  ,COE,FH 143
LAB-FH143-02,129.15.117.143,64-00-6A-54-A5-E6  ,COE,FH 143
LAB-FH143-03,129.15.117.144,64-00-6A-54-81-D0  ,COE,FH 143
LAB-FH143-04,129.15.117.139,84-2E-20-52-41-53  ,COE,FH 143
LAB-FH143-05,129.15.117.138,64-00-6A-54-A5-13  ,COE,FH 143
LAB-FH143-06,129.15.117.137,64-00-6A-54-83-96  ,COE,FH 143
LAB-FH143-07,129.15.117.140,64-00-6A-54-A5-85  ,COE,FH 143
LAB-FH143-08,129.15.99.147,64-00-6A-54-81-DD  ,COE,FH 143
LAB-FH146-01,10.194.225.243,64-00-6A-54-A1-E8  ,COE,FH 146
LAB-FH146-02,10.194.225.232,64-00-6A-54-C8-E7  ,COE,FH 146
LAB-FH146-03,10.194.225.247,64-00-6A-54-A4-50  ,COE,FH 146
LAB-FH146-04,10.194.225.245,64-00-6A-54-A5-FD  ,COE,FH 146
LAB-FH146-05,10.194.225.240,64-00-6A-54-86-95  ,COE,FH 146
LAB-FH146-06,10.194.225.224,64-00-6A-7C-9C-C0  ,COE,FH 146
LAB-FH146-07,10.194.225.223,EA-7D-20-52-41-53  ,COE,FH 146
LAB-FH146-08,10.194.225.235,64-00-6A-54-A1-48  ,COE,FH 146
LAB-GH205-01,10.194.197.109,64-00-6A-50-DB-7C  ,COA,GH 205
LAB-GH205-02,10.194.197.94,64-00-6A-50-9B-CA  ,COA,GH 205
LAB-GH205-03,10.194.197.102,F6-51-20-52-41-53  ,COA,GH 205
LAB-GH205-04,10.194.197.101,64-00-6A-50-D9-A4  ,COA,GH 205
LAB-GH245-01,10.194.197.93,64-00-6A-50-DC-E1  ,COA,GH 245
LAB-GH245-02,10.194.197.103,0C-43-20-52-41-53  ,COA,GH 245
LAB-GH305-03,10.194.197.110,64-00-6A-50-9A-01  ,COA,GH 305
LAB-GH305-04,10.194.197.92,64-00-6A-50-9B-3E  ,COA,GH 305
LAB-GH325-01,10.194.197.82,64-00-6A-50-9A-14  ,COA,GH 325
LAB-GH325-02,10.194.197.163,64-00-6A-50-98-9F  ,COA,GH 325
LAB-GH330-01,10.195.88.226,64-00-6A-50-7A-99,COA,GH 330
LAB-GH330-02,10.195.88.227,64-00-6A-50-B8-BD,COA,GH 330
LAB-GH345-01,10.194.197.123,18-66-DA-26-35-5A  ,COA,GH 345
LAB-GH345-02,10.194.197.172,18-66-DA-26-70-5E  ,COA,GH 345
LAB-GH345-03,10.194.197.159,18-66-DA-26-7C-F6  ,COA,GH 345
LAB-GH345-04,10.194.197.165,18-66-DA-26-7C-FB  ,COA,GH 345
LAB-GH350-01,10.194.197.95,64-00-6A-50-9D-B1  ,COA,GH 350
LAB-GH350-02,10.195.88.96,64-00-6A-50-B4-2D  ,COA,GH 350
LAB-GH350-03,10.195.88.178,64-00-6A-50-7A-78  ,COA,GH 350
LAB-GH350-04,10.194.197.131,64-00-6A-50-D8-09  ,COA,GH 350
LAB-GHB15-01,10.194.197.32,18-66-DA-26-70-C5  ,COA,GH B15
LAB-GHB15-02,10.194.197.74,18-66-DA-26-78-F9  ,COA,GH B15
LAB-GHB15-03,10.194.197.18,18-66-DA-26-A4-00  ,COA,GH B15
LAB-GHB15-04,10.194.197.19,18-66-DA-26-78-5C  ,COA,GH B15
LAB-GHB15-05,10.194.197.20,18-66-DA-26-31-F2  ,COA,GH B15
LAB-GHB15-06,10.194.197.21,18-66-DA-26-66-B3  ,COA,GH B15
LAB-GHB15-07,10.194.197.24,18-66-DA-26-32-1A  ,COA,GH B15
LAB-GHB15-08,10.194.197.26,18-66-DA-26-78-4B,COA,GH B15
LAB-GHB15-09,10.194.197.77,18-66-DA-26-A8-60  ,COA,GH B15
LAB-GHB15-10,10.194.197.124,18-66-DA-26-34-7C  ,COA,GH B15
LAB-GHB15-11,10.194.197.173,18-66-DA-26-36-0F  ,COA,GH B15
LAB-GHB15-12,10.194.197.197,18-66-DA-26-77-05  ,COA,GH B15
LAB-GHB15-13,10.194.197.55,18-66-DA-26-33-2E  ,COA,GH B15
LAB-GHB15-14,10.194.197.116,18-66-DA-26-7C-FD  ,COA,GH B15
LAB-GHB15-15,10.194.197.99,18-66-DA-26-7C-E8  ,COA,GH B15
LAB-GHB15-16,10.194.197.100,18-66-DA-26-33-E2  ,COA,GH B15
LAB-GHB15-17,10.194.197.107,18-66-DA-26-31-D5  ,COA,GH B15
LAB-GHB15-18,10.194.197.140,18-66-DA-26-36-73  ,COA,GH B15
LAB-GHB15-19,10.194.197.184,18-66-DA-26-9E-C9  ,COA,GH B15
LAB-GHB15-20,10.194.197.16,18-66-DA-26-7C-63  ,COA,GH B15
LAB-GHB15-21,10.194.197.167,18-66-DA-26-77-CF  ,COA,GH B15
LAB-GHB15-22,10.194.197.96,18-66-DA-26-76-85  ,COA,GH B15
LAB-GHB15-23,10.195.88.124,18-66-DA-26-A2-83  ,COA,GH B15
LAB-GHB15-24,10.194.197.89,18-66-DA-26-78-81  ,COA,GH B15
LAB-GHB15-25,10.194.197.90,18-66-DA-26-A5-E0  ,COA,GH B15
LAB-GHB15-26,10.194.197.17,18-66-DA-26-78-45  ,COA,GH B15
LAB-GHB15-27,10.194.197.88,18-66-DA-26-38-46  ,COA,GH B15
LAB-GHB15-28,10.194.197.87,18-66-DA-26-33-62  ,COA,GH B15
LAB-GHB15-29,10.194.197.84,18-66-DA-26-A4-8E  ,COA,GH B15
LAB-GHB15-30,10.194.197.69,18-66-DA-26-79-42  ,COA,GH B15
LAB-GHB15-31,10.194.197.170,18-66-DA-26-34-8B  ,COA,GH B15
LAB-GHB15-32,10.194.197.133,18-66-DA-26-36-1C  ,COA,GH B15
LAB-GHB15-33,10.194.197.126,18-66-DA-26-38-9C  ,COA,GH B15
LAB-GHB15-34,10.194.197.135,18-66-DA-26-7D-0B  ,COA,GH B15
LAB-GHB15-35,10.194.197.113,18-66-DA-26-36-65  ,COA,GH B15
LAB-GHB15-36,10.194.197.169,18-66-DA-26-32-22  ,COA,GH B15
LAB-GHB15-37,10.194.197.174,18-66-DA-26-A8-50  ,COA,GH B15
LAB-GHB15-38,10.194.197.158,18-66-DA-26-7B-78  ,COA,GH B15
LAB-GHB15-39,10.194.197.153,18-66-DA-26-78-64  ,COA,GH B15
LAB-GHB15-40,10.194.197.157,18-66-DA-26-36-68  ,COA,GH B15
LAB-GHB15-41,10.194.197.149,18-66-DA-26-5F-4B  ,COA,GH B15
LAB-GHB15-42,10.194.197.141,18-66-DA-26-32-38  ,COA,GH B15
LAB-GHB15-SA,10.194.197.50,18-66-DA-26-36-76  ,COA,GH B15
LAB-GHB50-01,10.194.197.129,64-00-6A-50-7B-E3  ,COA,GH B50
LAB-GHB50-02,10.194.197.127,64-00-6A-50-81-B9  ,COA,GH B50
LAB-GHB50-03,10.194.197.128,64-00-6A-54-23-E4  ,COA,GH B50
LAB-GHB80-01,10.194.197.130,64-00-6A-50-DF-FC  ,COA,GH B80
LAB-GHB80-02,10.194.197.105,64-00-6A-50-9A-8F  ,COA,GH B80
LAB-GHB90-01,10.194.197.106,64-00-6A-50-7B-6A  ,COA,GH B90
LAB-GHB90-02,10.194.197.125,64-00-6A-50-9B-E7  ,COA,GH B90
LAB-HEAD-01,10.193.104.106,C8-CB-B8-08-D9-21  ,General,HH 132L
LAB-HEAD-02,10.193.104.104,C8-CB-B8-08-D9-0D  ,General,HH 132L
LAB-HEAD-03,10.193.104.105,C8-CB-B8-08-D8-AD  ,General,HH 132L
LAB-HEAD-04,10.193.104.103,C8-CB-B8-08-DA-19  ,General,HH 132L
LAB-HEAD-05,10.193.104.102,C8-CB-B8-08-D9-73  ,General,HH 132L
LAB-HEAD-06,10.193.104.107,C8-CB-B8-08-DA-49  ,General,HH 132L
LAB-HNRS-01,10.194.5.159,F4-8E-38-D7-30-43  ,General,Honors
LAB-HNRS-02,10.194.5.2,F4-8E-38-D7-30-63  ,General,Honors
LAB-HNRS-03,10.194.5.77,F4-8E-38-D7-2F-74  ,General,Honors
LAB-HNRS-04,10.194.5.1,F4-8E-38-D5-D7-6E  ,General,Honors
LAB-HNRS-05,10.194.4.254,F4-8E-38-D7-30-4D  ,General,Honors
LAB-HNRS-07,10.194.4.250,F4-8E-38-D7-2F-A4  ,General,Honors
LAB-HNRS-08,10.194.4.249,F4-8E-38-D5-BD-16  ,General,Honors
LAB-HNRS-09,10.194.5.183,F4-8E-38-D7-30-74  ,General,Honors
LAB-HNRS-10,10.194.5.182,F4-8E-38-D7-30-B4  ,General,Honors
LAB-HNRS-11,10.194.4.135,F4-8E-38-D7-30-F1  ,General,Honors
LAB-HNRS-12,10.194.5.108,F4-8E-38-D5-BD-64  ,General,Honors
LAB-HNRS-13,10.194.4.245,F4-8E-38-D5-D9-60  ,General,Honors
LAB-HNRS-14,10.194.4.253,F4-8E-38-D7-2F-73  ,General,Honors
FABLAB-PC,Computer in ErrorState,Computer in Error State,iHub,iHub 112
LAB-IHUB-01,10.196.133.210,18-66-DA-10-58-DD  ,iHub,iHub 112
LAB-IHUB-02,10.196.133.209,18-66-DA-10-4B-0E  ,iHub,iHub 112
LAB-IHUB-03,10.196.133.207,18-66-DA-10-6E-9D  ,iHub,iHub 112
LAB-IHUB-04,10.196.133.205,18-66-DA-10-5C-A0  ,iHub,iHub 112
LAB-IHUB-05,10.196.133.204,18-66-DA-10-59-44  ,iHub,iHub 112
LAB-IHUB-06,10.196.133.208,18-66-DA-13-7C-C1  ,iHub,iHub 112
LAB-IHUB-07,10.196.133.213,18-66-DA-10-80-F5  ,iHub,iHub 112
LAB-OMU-M1,10.194.5.106,18-66-DA-1F-17-19  ,General,OMU 207
LAB-OMU-M2,10.194.4.81,18-66-DA-23-24-F4  ,General,OMU 207
LAB-OMU-M3,10.194.5.152,18-66-DA-26-44-70  ,General,OMU 207
LAB-OMU-M4,10.194.4.55,18-66-DA-1F-34-99  ,General,OMU 207
LAB-OMU-M5,10.194.5.117,18-66-DA-1F-DC-D3  ,General,OMU 207
LAB-OMU-M6,10.194.4.64,18-66-DA-1F-34-59  ,General,OMU 207
LAB-OMU-M7,10.194.5.147,18-66-DA-0A-00-45  ,General,OMU 207
LAB-OMU-M8,10.194.5.116,18-66-DA-26-45-4B  ,General,OMU 207
LAB-OMU-S1,10.194.5.85,18-66-DA-1F-34-DA  ,General,OMU 207
LAB-OMU-S2,10.194.5.102,18-66-DA-1F-DC-BC  ,General,OMU 207
LAB-OMU-S3,10.194.236.250,18-66-DA-23-27-97  ,General,OMU 207
LAB-OMU-S4,10.194.4.43,18-66-DA-23-21-7E  ,General,OMU 207
LAB-OMU-S5,10.194.4.49,18-66-DA-23-21-9F  ,General,OMU 207
LAB-OMU-W1,10.194.5.130,F4-8E-38-D5-E5-34  ,General,OMU 207
LAB-OMU-W2,10.194.5.91,F4-8E-38-D5-E5-35  ,General,OMU 207
LAB-OMU-W3,10.194.4.86,F4-8E-38-D5-B6-6E  ,General,OMU 207
LAB-OMU-W4,10.194.5.114,F4-8E-38-D5-C8-36  ,General,OMU 207
LAB-REPF220-01,10.194.255.58,18-66-DA-18-85-E3  ,COE,REPF 220
LAB-REPF220-02,10.194.255.51,18-66-DA-18-91-CA  ,COE,REPF 220
LAB-REPF220-03,10.194.255.46,18-66-DA-18-93-DA  ,COE,REPF 220
LAB-REPF220-04,10.194.255.48,18-66-DA-18-7F-2B  ,COE,REPF 220
LAB-REPF220-05,10.194.255.44,18-66-DA-18-91-CC  ,COE,REPF 220
LAB-REPF220-06,10.194.255.63,18-66-DA-18-8C-89  ,COE,REPF 220
LAB-REPF220-07,10.194.255.45,18-66-DA-18-87-57  ,COE,REPF 220
LAB-REPF220-08,10.194.255.50,18-66-DA-18-44-BE  ,COE,REPF 220
LAB-REPF220-09,10.194.255.61,18-66-DA-18-90-C2  ,COE,REPF 220
LAB-REPF220-10,10.194.255.43,18-66-DA-18-90-C6  ,COE,REPF 220
LAB-REPF220-11,10.194.255.42,18-66-DA-18-94-95  ,COE,REPF 220
LAB-REPF220-12,10.194.255.65,18-66-DA-18-84-92  ,COE,REPF 220
LAB-SEC360-01,10.194.233.1,18-66-DA-23-A7-76  ,CEE,SEC 360
LAB-SEC360-02,10.194.232.255,18-66-DA-23-AB-63  ,CEE,SEC 360
LAB-SEC360-03,10.194.233.2,18-66-DA-23-A8-77  ,CEE,SEC 360
LAB-SEC360-04,10.194.233.0,18-66-DA-23-AB-BE  ,CEE,SEC 360
LAB-SEC360-05,10.194.232.246,18-66-DA-23-A7-9B  ,CEE,SEC 360
LAB-SEC360-06,10.194.232.247,18-66-DA-23-AA-A7  ,CEE,SEC 360
LAB-SEC360-07,10.194.232.238,18-66-DA-23-AC-0A  ,CEE,SEC 360
LAB-SEC360-08,10.194.232.236,18-66-DA-23-AC-91  ,CEE,SEC 360
LAB-SEC360-09,10.194.232.234,18-66-DA-23-AB-8D  ,CEE,SEC 360
LAB-SEC360-10,10.194.232.241,18-66-DA-23-AB-A3  ,CEE,SEC 360
LAB-SEC360-11,10.194.232.245,18-66-DA-23-AC-94  ,CEE,SEC 360
LAB-SEC360-12,10.194.232.244,18-66-DA-23-73-60  ,CEE,SEC 360
LAB-SEC360-13,10.194.232.220,18-66-DA-23-AC-A2  ,CEE,SEC 360
LAB-SEC360-14,10.194.233.31,18-66-DA-23-AA-51  ,CEE,SEC 360
LAB-SEC360-15,10.194.232.221,18-66-DA-23-A5-03  ,CEE,SEC 360
LAB-SEC360-16,10.194.233.29,18-66-DA-23-AB-5D  ,CEE,SEC 360
LAB-SEC360-17,10.194.232.222,18-66-DA-23-AB-B7  ,CEE,SEC 360
LAB-SEC360-18,10.194.232.223,18-66-DA-23-6B-DB  ,CEE,SEC 360
LAB-SEC360-19,10.194.232.224,18-66-DA-23-72-44  ,CEE,SEC 360
LAB-SEC360-20,10.194.233.24,18-66-DA-23-AC-74  ,CEE,SEC 360
LAB-SEC360-21,10.194.232.163,18-66-DA-23-9B-15  ,CEE,SEC 360
LAB-SEC360-22,10.194.232.225,18-66-DA-23-A6-78  ,CEE,SEC 360
LAB-SEC360-23,10.194.232.227,18-66-DA-23-AC-72  ,CEE,SEC 360
LAB-SEC360-24,10.194.233.35,18-66-DA-23-B1-A3  ,CEE,SEC 360
LAB-SEC360-25,10.194.232.162,18-66-DA-36-90-DE  ,CEE,SEC 360
LAB-SEC360-26,10.194.232.228,18-66-DA-23-AC-09  ,CEE,SEC 360
LAB-SEC370-01,10.194.233.23,18-66-DA-23-AB-2D  ,CEE,SEC 370
LAB-SEC370-02,10.194.233.22,18-66-DA-23-B0-65  ,CEE,SEC 370
LAB-SEC370-03,10.194.233.21,18-66-DA-23-9B-53  ,CEE,SEC 370
LAB-SEC370-04,10.194.233.25,18-66-DA-23-B1-C6  ,CEE,SEC 370
LAB-SEC370-05,10.194.233.20,18-66-DA-23-AC-0C  ,CEE,SEC 370
LAB-SEC370-06,10.194.233.19,18-66-DA-23-AC-2A  ,CEE,SEC 370
LAB-SEC370-07,10.194.233.16,18-66-DA-23-AB-CF  ,CEE,SEC 370
LAB-SEC370-08,10.194.233.15,18-66-DA-23-A8-87  ,CEE,SEC 370
LAB-SEC370-09,10.194.233.13,18-66-DA-23-A0-5C  ,CEE,SEC 370
LAB-SEC370-10,10.194.233.14,18-66-DA-23-AC-93  ,CEE,SEC 370
LAB-SEC370-11,10.194.233.17,18-66-DA-23-A0-8F  ,CEE,SEC 370
LAB-SEC370-12,10.194.233.18,18-66-DA-23-A6-2D  ,CEE,SEC 370
LAB-SEC370-13,10.194.233.30,18-66-DA-23-A8-A5  ,CEE,SEC 370
LAB-SEC370-14,10.194.233.10,18-66-DA-23-A8-BB  ,CEE,SEC 370
LAB-SEC370-15,10.194.233.26,18-66-DA-23-A5-37  ,CEE,SEC 370
LAB-SEC370-16,10.194.233.6,18-66-DA-23-74-D1  ,CEE,SEC 370
LAB-SEC370-17,10.194.233.3,18-66-DA-23-A9-11  ,CEE,SEC 370
LAB-SEC370-18,10.194.233.4,18-66-DA-23-A4-FA  ,CEE,SEC 370
LAB-SEC370-19,10.194.233.27,18-66-DA-23-A6-6A  ,CEE,SEC 370
LAB-SEC370-20,10.194.233.59,18-66-DA-23-A4-B8  ,CEE,SEC 370
LAB-SEC370-21,10.194.233.5,18-66-DA-23-A6-AD  ,CEE,SEC 370
LAB-SEC370-22,10.194.233.7,18-66-DA-23-AB-CE  ,CEE,SEC 370
LAB-SEC370-23,10.194.233.8,18-66-DA-23-A5-53  ,CEE,SEC 370
LAB-SEC370-24,10.194.233.9,18-66-DA-23-AB-D6  ,CEE,SEC 370
LAB-SEC370-25,10.194.233.28,18-66-DA-23-A4-56  ,CEE,SEC 370
LAB-SEC370-26,10.194.233.11,18-66-DA-23-AC-98,CEE,SEC 370
LAB-SEC1034-01,10.194.232.185,18-66-DA-1F-52-05,CEE,SEC 1034
LAB-SEC1034-02,10.194.232.182,18-66-DA-1F-38-56,CEE,SEC 1034
LAB-SEC1034-03,10.194.232.177,18-66-DA-1F-55-A7,CEE,SEC 1034
LAB-SEC1034-04,10.194.232.171,18-66-DA-1F-55-F9,CEE,SEC 1034
LAB-SEC1034-05,10.194.232.164,18-66-DA-1F-56-5D,CEE,SEC 1034
LAB-SEC1034-06,10.194.232.166,18-66-DA-1F-38-D8,CEE,SEC 1034
LAB-SEC1034-07,10.194.232.165,18-66-DA-1F-55-80,CEE,SEC 1034
LAB-SEC1034-08,10.194.232.170,18-66-DA-1F-36-E7,CEE,SEC 1034
LAB-SEC1034-09,10.194.232.218,18-66-DA-23-A4-F8,CEE,SEC 1034
LAB-SEC1034-10,10.194.232.216,18-66-DA-23-9F-18,CEE,SEC 1034
LAB-SEC1034-11,10.194.232.215,18-66-DA-23-A4-95,CEE,SEC 1034
LAB-SEC1034-12,10.194.232.213,18-66-DA-23-A7-AB,CEE,SEC 1034
LAB-SEC1034-13,10.194.232.211,18-66-DA-23-A8-7D,CEE,SEC 1034
LAB-SEC1034-14,10.194.232.209,18-66-DA-23-AC-73,CEE,SEC 1034
LAB-SEC1034-15,10.194.232.208,18-66-DA-23-9F-19,CEE,SEC 1034
LAB-SEC1034-16,10.194.232.207,18-66-DA-23-B1-29,CEE,SEC 1034
LAB-SEC1034-17,10.194.232.201,18-66-DA-23-A5-9A,CEE,SEC 1034
LAB-SEC1034-18,10.194.232.200,18-66-DA-23-B0-89,CEE,SEC 1034
LAB-SEC1034-SA,10.194.232.195,18-66-DA-1F-55-98,CEE,SEC 1034
LAB-SECM206-01,129.15.115.100,64-00-6A-58-99-6E  ,CBME,SEC M206
LAB-SECM206-02,10.194.232.159,64-00-6A-58-94-CF  ,CBME,SEC M206
LAB-SECM206-03,129.15.117.223,64-00-6A-58-94-12  ,CBME,SEC M206
LAB-SECM206-04,10.194.233.103,64-00-6A-58-99-65  ,CBME,SEC M206
LAB-SECM206-05,10.194.233.93,64-00-6A-58-9A-C7  ,CBME,SEC M206
LAB-SECM206-06,10.194.233.104,64-00-6A-58-9A-80  ,CBME,SEC M206
LAB-SECM206-07,10.194.233.102,64-00-6A-58-9B-4F  ,CBME,SEC M206
LAB-SECM206-08,129.15.117.226,64-00-6A-58-9A-8D  ,CBME,SEC M206
LAB-SECM206-09,129.15.117.231,64-00-6A-58-95-70  ,CBME,SEC M206
LAB-SECM206-10,129.15.117.235,64-00-6A-58-99-4A  ,CBME,SEC M206
LAB-SECM206-11,129.15.118.129,64-00-6A-58-98-FA  ,CBME,SEC M206
LAB-SECM206-12,129.15.117.234,64-00-6A-58-9A-AB  ,CBME,SEC M206
LAB-SECM206-13,129.15.117.237,64-00-6A-58-95-24  ,CBME,SEC M206
LAB-SECM206-14,10.194.233.107,64-00-6A-58-94-8A  ,CBME,SEC M206
LAB-SECT330-01,10.194.233.117,64-00-6A-58-9A-55  ,CBME,SEC T330
LAB-SECT330-02,10.194.233.121,64-00-6A-58-94-BF  ,CBME,SEC T330
LAB-SECT330-03,10.194.233.118,64-00-6A-58-99-47  ,CBME,SEC T330
LAB-SECT330-04,10.194.233.111,64-00-6A-58-9A-69  ,CBME,SEC T330
LAB-SECT330-05,10.194.233.81,64-00-6A-58-96-54  ,CBME,SEC T330
LAB-SECT330-06,10.194.233.120,64-00-6A-58-96-BC  ,CBME,SEC T330
LAB-SECT330-07,10.194.232.149,50-9A-4C-4F-1C-BE  ,CBME,SEC T330
LAB-SECT330-08,10.194.232.233,34-17-EB-C3-60-6B,CBME,SEC T330
LAB-SECT330-09,10.194.232.154,50-9A-4C-4F-3F-D4  ,CBME,SEC T330
LAB-SECT330-10,10.194.232.153,50-9A-4C-4F-20-34  ,CBME,SEC T330
LAB-SECT330-11,10.194.232.150,50-9A-4C-4F-44-EF  ,CBME,SEC T330
LAB-SECT330-12,10.194.232.151,50-9A-4C-4F-44-72  ,CBME,SEC T330
LAB-SECT330-13,10.194.233.110,64-00-6A-58-9A-04  ,CBME,SEC T330
LAB-SECT330-14,10.194.232.155,50-9A-4C-4F-44-83  ,CBME,SEC T330
LAB-ST2639-01,10.194.4.184,F4-8E-38-D5-BD-5E  ,Athletics,ST 2639
LAB-ST2639-02,10.194.4.183,F4-8E-38-D5-BD-B6  ,Athletics,ST 2639
LAB-ST2639-03,10.194.5.195,F4-8E-38-D5-BC-CE  ,Athletics,ST 2639
LAB-ST2639-04,10.194.4.44,F4-8E-38-D5-D7-4A  ,Athletics,ST 2639
LAB-ST2639-05,10.194.111.69,F4-8E-38-D5-D7-B6  ,Athletics,ST 2639
LAB-ST2639-06,10.194.111.68,F4-8E-38-D5-DE-81  ,Athletics,ST 2639
LAB-ST2640-01,10.194.240.131,F4-8E-38-D5-BC-66  ,Athletics,ST 2640
LAB-ST2640-02,10.194.240.99,F4-8E-38-D5-BD-7D  ,Athletics,ST 2640
LAB-ST2640-03,10.194.240.100,F4-8E-38-D5-DE-6F  ,Athletics,ST 2640
LAB-ST2640-04,10.194.240.97,F4-8E-38-D5-DE-2E,Athletics,ST 2640
LAB-ST2645-01,10.194.240.126,F4-8E-38-D5-DE-73  ,Athletics,ST 2645
LAB-ST2645-02,10.194.240.127,F4-8E-38-D5-C8-99  ,Athletics,ST 2645
LAB-ST2645-03,10.194.240.33,F4-8E-38-D1-53-FE  ,Athletics,ST 2645
LAB-ST2645-04,10.194.240.88,F4-8E-38-D5-DE-90  ,Athletics,ST 2645
LAB-ST2645-05,10.194.240.129,F4-8E-38-D5-DD-E6  ,Athletics,ST 2645
LAB-ST2645-06,10.194.240.120,F4-8E-38-D5-DE-3F  ,Athletics,ST 2645
LAB-ST2650-01,10.194.240.96,F4-8E-38-D5-C7-DD  ,Athletics,ST 2650
LAB-ST2650-02,10.194.240.90,F4-8E-38-D5-DE-10  ,Athletics,ST 2650
LAB-ST2650-03,10.194.240.92,F4-8E-38-D5-C8-CC  ,Athletics,ST 2650
LAB-ST2650-04,10.194.240.91,F4-8E-38-D5-DE-42  ,Athletics,ST 2650
LAB-ST2650-05,10.194.240.95,F4-8E-38-D5-DE-5F  ,Athletics,ST 2650
LAB-ST2650-06,10.194.240.42,F4-8E-38-D5-C7-93  ,Athletics,ST 2650
LAB-ST2670-01,10.194.240.124,F4-8E-38-D5-DE-58  ,Athletics,ST 2670
LAB-ST2670-02,10.194.240.98,F4-8E-38-D5-DE-8D  ,Athletics,ST 2670
LAB-ST2670-03,10.194.240.130,F4-8E-38-D5-DE-7D  ,Athletics,ST 2670
LAB-ST2670-04,129.15.50.227,F4-8E-38-D5-C7-62  ,Athletics,ST 2670
LAB-ST2670-05,10.194.240.122,F4-8E-38-D5-DE-45  ,Athletics,ST 2670
LAB-ST2670-06,10.194.240.121,F4-8E-38-D5-DE-11  ,Athletics,ST 2670
LAB-ST2670-07,10.194.240.104,F4-8E-38-D5-DE-50  ,Athletics,ST 2670
LAB-ST2670-08,10.194.240.103,F4-8E-38-D5-DE-43  ,Athletics,ST 2670
LAB-ST2670-09,10.194.240.101,F4-8E-38-D5-D7-BB  ,Athletics,ST 2670
LAB-ST2670-10,10.194.240.102,F4-8E-38-D5-DE-A4  ,Athletics,ST 2670
LAB-ST2670-11,10.194.240.117,F4-8E-38-D5-D7-99  ,Athletics,ST 2670
LAB-ST2670-12,10.194.240.109,F4-8E-38-D5-DE-0A  ,Athletics,ST 2670
LAB-ST2670-13,10.194.240.113,F4-8E-38-D5-DE-8A  ,Athletics,ST 2670
LAB-ST2670-14,10.194.240.89,F4-8E-38-D5-DE-55  ,Athletics,ST 2670
LAB-ST2670-15,10.194.240.106,F4-8E-38-D5-C8-84  ,Athletics,ST 2670
LAB-ST2680-01,10.194.109.21,F4-8E-38-D5-C8-5F  ,Athletics,ST 2680
LAB-ST2680-02,10.194.109.58,F4-8E-38-D5-DE-89  ,Athletics,ST 2680
LAB-ST2680-03,10.194.4.182,F4-8E-38-D5-DE-5C  ,Athletics,ST 2680
LAB-ST2680-04,10.194.110.159,F4-8E-38-D5-D7-9F  ,Athletics,ST 2680
LAB-ST2680-05,10.194.240.35,F4-8E-38-DA-BB-08  ,Athletics,ST 2680
LAB-ST2680-06,10.194.109.205,F4-8E-38-D5-DD-02  ,Athletics,ST 2680
LAB-ST2690-01,10.200.20.70,F4-8E-38-D5-DE-6D  ,Athletics,ST 2690
LAB-ST3675-01,10.194.240.110,F4-8E-38-D5-DE-93  ,Athletics,ST 3675
LAB-ST3675-02,10.194.240.123,F4-8E-38-D5-DE-18  ,Athletics,ST 3675
LAB-ST3675-03,10.194.240.118,F4-8E-38-D5-DE-40,Athletics,ST 3675
LAB-ST3685-01,10.194.240.196,74-E6-E2-D8-88-15  ,Athletics,ST 3685
LAB-ST3685-02,10.194.240.142,74-E6-E2-D8-B6-97  ,Athletics,ST 3685
LAB-ST3685-03,10.194.240.49,74-E6-E2-D8-77-3A  ,Athletics,ST 3685
LAB-ST3685-04,10.194.240.107,74-E6-E2-D8-87-F4  ,Athletics,ST 3685
LAB-ST3685-05,10.194.240.32,74-E6-E2-D8-87-DC  ,Athletics,ST 3685
LAB-TRAD-01,10.193.199.13,F8-B1-56-C9-D8-0C,General,Traditions East
LAB-TRAD-02,10.193.199.9,F4-8C-50-F8-65-6F  ,General,Traditions East
LAB-TRAD-03,10.193.199.15,14-B3-1F-04-A9-55  ,General,Traditions East
LAB-TRADW-01,10.193.199.58,14-B3-1F-04-A8-E2  ,General,Traditions West
LAB-TRADW-02,Computer in Error State,14-B3-1F-04-A9-82,General,Traditions West
LAB-TRADW-03,Computer in Error State,14-B3-1F-04-A6-50,General,Traditions West
